{
  "ResConfig": {
    "Font": [
	  {
        "Type": "FreeType",
        "Name": "HT8",
        "Filename": "DroidSans.ttf",
        "Language": "zh_CN,en_US,zh_TW,tr_TR,vi_VN,it_IT,in_ID,fr_FR,es_ES,de_DE,pt_BR,ru_RU,th_TH,ko_KR",
        "Size": 8
      },
	  {
        "Type": "FreeType",
        "Name": "HT10",
        "Filename": "DroidSans.ttf",
        "Language": "zh_CN,en_US,zh_TW,tr_TR,vi_VN,it_IT,in_ID,fr_FR,es_ES,de_DE,pt_BR,ru_RU,th_TH,ko_KR",
        "Size": 10
      },
	  {
        "Type": "FreeType",
        "Name": "HT12",
        "Filename": "DroidSans.ttf",
        "Language": "zh_CN,en_US,zh_TW,tr_TR,vi_VN,it_IT,in_ID,fr_FR,es_ES,de_DE,pt_BR,ru_RU,th_TH,ko_KR",
        "Size": 12
      },
	  {
        "Type": "FreeType",
        "Name": "HT14",
        "Filename": "DroidSans.ttf",
        "Language": "zh_CN,en_US,zh_TW,tr_TR,vi_VN,it_IT,in_ID,fr_FR,es_ES,de_DE,pt_BR,ru_RU,th_TH,ko_KR",
        "Size": 14
      },
      {
        "Type": "FreeType",
        "Name": "HT16",
        "Filename": "DroidSans.ttf",
        "Language": "zh_CN,en_US,zh_TW,tr_TR,vi_VN,it_IT,in_ID,fr_FR,es_ES,de_DE,pt_BR,ru_RU,th_TH,ko_KR",
        "Size": 16
      },
	  {
        "Type": "FreeType",
        "Name": "HT18",
        "Filename": "DroidSans.ttf",
        "Language": "zh_CN,en_US,zh_TW,tr_TR,vi_VN,it_IT,in_ID,fr_FR,es_ES,de_DE,pt_BR,ru_RU,th_TH,ko_KR",
        "Size": 18
      },
      {
        "Type": "FreeType",
        "Name": "HT20",
        "Filename": "DroidSans.ttf",
        "Language": "zh_CN,en_US,zh_TW,tr_TR,vi_VN,it_IT,in_ID,fr_FR,es_ES,de_DE,pt_BR,ru_RU,th_TH,ko_KR",
        "Size": 20
      },
	  {
        "Type": "FreeType",
        "Name": "HT22",
        "Filename": "DroidSans.ttf",
        "Language": "zh_CN,en_US,zh_TW,tr_TR,vi_VN,it_IT,in_ID,fr_FR,es_ES,de_DE,pt_BR,ru_RU,th_TH,ko_KR",
        "Size": 22
      },
      {
        "Type": "FreeType",
        "Name": "HT24",
        "Filename": "DroidSans.ttf",
        "Language": "zh_CN,en_US,zh_TW,tr_TR,vi_VN,it_IT,in_ID,fr_FR,es_ES,de_DE,pt_BR,ru_RU,th_TH,ko_KR",
        "Size": 24
      },
      {
        "Type": "FreeType",
        "Name": "HT26",
        "Filename": "DroidSans.ttf",
        "Language": "zh_CN,en_US,zh_TW,tr_TR,vi_VN,it_IT,in_ID,fr_FR,es_ES,de_DE,pt_BR,ru_RU,th_TH,ko_KR",
        "Size": 26
      },
      {
        "Type": "FreeType",
        "Name": "HT28",
        "Filename": "DroidSans.ttf",
        "Language": "zh_CN,en_US,zh_TW,tr_TR,vi_VN,it_IT,in_ID,fr_FR,es_ES,de_DE,pt_BR,ru_RU,th_TH,ko_KR",
        "Size": 28
      },
	  {
        "Type": "FreeType",
        "Name": "HT30",
        "Filename": "DroidSans.ttf",
        "Language": "zh_CN,en_US,zh_TW,tr_TR,vi_VN,it_IT,in_ID,fr_FR,es_ES,de_DE,pt_BR,ru_RU,th_TH,ko_KR",
        "Size": 30
      },
	  {
        "Type": "FreeType",
        "Name": "HT32",
        "Filename": "DroidSans.ttf",
        "Language": "zh_CN,en_US,zh_TW,tr_TR,vi_VN,it_IT,in_ID,fr_FR,es_ES,de_DE,pt_BR,ru_RU,th_TH,ko_KR",
        "Size": 32
      },
	  {
        "Type": "FreeType",
        "Name": "HT34",
        "Filename": "DroidSans.ttf",
        "Language": "zh_CN,en_US,zh_TW,tr_TR,vi_VN,it_IT,in_ID,fr_FR,es_ES,de_DE,pt_BR,ru_RU,th_TH,ko_KR",
        "Size": 34
      },
	  {
        "Type": "FreeType",
        "Name": "HT36",
        "Filename": "DroidSans.ttf",
        "Language": "zh_CN,en_US,zh_TW,tr_TR,vi_VN,it_IT,in_ID,fr_FR,es_ES,de_DE,pt_BR,ru_RU,th_TH,ko_KR",
        "Size": 36
      },
	  {
        "Type": "FreeType",
        "Name": "HT48",
        "Filename": "DroidSans.ttf",
        "Language": "zh_CN,en_US,zh_TW,tr_TR,vi_VN,it_IT,in_ID,fr_FR,es_ES,de_DE,pt_BR,ru_RU,th_TH,ko_KR",
        "Size": 48
      },
	  {
        "Type": "FreeType",
        "Name": "HT64",
        "Filename": "DroidSans.ttf",
        "Language": "zh_CN,en_US,zh_TW,tr_TR,vi_VN,it_IT,in_ID,fr_FR,es_ES,de_DE,pt_BR,ru_RU,th_TH,ko_KR",
        "Size": 64
      },
	  {
        "Type": "FreeType",
        "Name": "HT72",
        "Filename": "DroidSans.ttf",
        "Language": "zh_CN,en_US,zh_TW,tr_TR,vi_VN,it_IT,in_ID,fr_FR,es_ES,de_DE,pt_BR,ru_RU,th_TH,ko_KR",
        "Size": 72
      },
	  {
        "Type": "FreeType",
        "Name": "HT120",
        "Filename": "DroidSans.ttf",
        "Language": "zh_CN,en_US,zh_TW,tr_TR,vi_VN,it_IT,in_ID,fr_FR,es_ES,de_DE,pt_BR,ru_RU,th_TH,ko_KR",
        "Size": 120
      },
	  {
        "Type": "FreeType",
        "Name": "HT160",
        "Filename": "DroidSans.ttf",
        "Language": "zh_CN,en_US,zh_TW,tr_TR,vi_VN,it_IT,in_ID,fr_FR,es_ES,de_DE,pt_BR,ru_RU,th_TH,ko_KR",
        "Size": 160
      }
    ],
    "Imageset": [
      { "Filename": "MainControlImageSet.json" },
      { "Filename": "inventory.json" },
      { "Filename": "widgets.json" },
      { "Filename": "compass_gui.json" },
      { "Filename": "clock_gui.json" },
      { "Filename": "creative_inventory.json" },
      { "Filename": "mask.json" },
      { "Filename": "Pack.json" },
      { "Filename": "background.json" },
      { "Filename": "christmas_ui.json" },
      { "Filename": "ender_ui.json" },
      { "Filename": "normal_ui.json" },
      { "Filename": "trapped_ui.json" },
      { "Filename": "gui_material.json" },
      { "Filename": "gui_inventory_icon.json" },
      { "Filename": "new_gui_material.json" },
      { "Filename": "player_info_icon.json" },
      { "Filename": "gui_shop.json" },
      { "Filename": "summary.json" },
      { "Filename": "wordart.json" },
      { "Filename": "wordart_zh_cn.json" },
      { "Filename": "gameloading.json" },
      { "Filename": "teamInfo.json" },
      { "Filename": "gun.json" },
      { "Filename": "main_btn.json" },
      { "Filename": "app_shop.json" },
      { "Filename": "other_icon.json" },
      { "Filename": "jail_break.json" },
      { "Filename": "shop_tab_icon.json" },
      { "Filename": "loadingBlock.json" },
      { "Filename": "chicken_icon.json" },
      { "Filename": "pole.json" },
      { "Filename": "creepy_aliens.json" },
      { "Filename": "buildwar.json" },
      { "Filename": "shoot_warning.json" },
      { "Filename": "frozen_mask.json" },
      { "Filename": "shoot_warning.json" },
      { "Filename": "ending_status.json" },
      { "Filename": "btn_fishing.json" },
      { "Filename": "btn_cannon.json" },
      { "Filename": "tycoon_unlock.json" },
      { "Filename": "enchantment.json" },
      { "Filename": "hidden.json" },
      { "Filename": "tip_dialog.json" },
      { "Filename": "armor.json" },
      { "Filename": "btn_quickly_build_block.json" },
      { "Filename": "selectable_action_img.json" },
      { "Filename": "guide.json" },
      { "Filename": "advertice.json" },
      { "Filename": "common_tip.json" },
      { "Filename": "drive.json" },
      { "Filename": "notification.json" },
      { "Filename": "tycoon_ad.json" },
      { "Filename": "user_item.json" },
      { "Filename": "new_money.json" },
      { "Filename": "item_duration_progress.json" },
      { "Filename": "bullet_reload.json" },
      { "Filename": "camera_distance.json" },
      { "Filename": "fly_control.json" },
      { "Filename": "move_state.json" },
      { "Filename": "jump_control.json" },
      { "Filename": "sandDigger.json" },
      { "Filename": "arrow_key.json" }
    ]
  }
}
