{  
     "frames":{
        "below": {
            "frame": {"x":0,"y":33,"w":14,"h":10},
            "offset": {"x":0,"y":0},
            "sourceSize":{"w":14,"h":10}
        },
		"below2": {
            "frame": {"x":14,"y":33,"w":14,"h":10},
            "offset": {"x":0,"y":0},
            "sourceSize":{"w":14,"h":10}
        },
        "lid_top": {
            "frame": {"x":14,"y":0,"w":14,"h":14},
            "offset": {"x":0,"y":0},
            "sourceSize":{"w":14,"h":4}
        },
		"lid_side":
		{
			"frame": {"x":0,"y":14,"w":14,"h":5},
            "offset": {"x":0,"y":0},
            "sourceSize":{"w":14,"h":5}
		},
		"lid_side2":
		{
			"frame": {"x":14,"y":14,"w":14,"h":5},
            "offset": {"x":0,"y":0},
            "sourceSize":{"w":14,"h":5}
		},
		"nkob_top": {
			"frame": {"x":1,"y":0,"w":4,"h":1},
            "offset": {"x":0,"y":0},
            "sourceSize":{"w":4,"h":1}
		},
		"nkob_side": {
			"frame": {"x":0,"y":1,"w":2,"h":4},
            "offset": {"x":0,"y":0},
            "sourceSize":{"w":2,"h":4}
		}
    },
    "meta":{  
        "version":"1.0",
        "image":"ender_ui.png",
        "format":"RGBA8888",
        "size":{  
            "w":64,
            "h":64
        },
        "scale":"1"
    }
}

