{
    "frames": {
        "Diamond-icon-blue": {
            "frame": {
                "x": 222,
                "y": 1,
                "w": 34,
                "h": 34
            },
            "offset": {
                "x": 0,
                "y": 0,
                "w": 34,
                "h": 34
            },
            "sourceSize": {
                "w": 34,
                "h": 34
            }
        },
        "Diamond-icon-gold": {
            "frame": {
                "x": 292,
                "y": 1,
                "w": 34,
                "h": 34
            },
            "offset": {
                "x": 0,
                "y": 0,
                "w": 34,
                "h": 34
            },
            "sourceSize": {
                "w": 34,
                "h": 34
            }
        },
        "app_cube_icon": {
            "frame": {
                "x": 257,
                "y": 1,
                "w": 34,
                "h": 34
            },
            "offset": {
                "x": 0,
                "y": 0,
                "w": 34,
                "h": 34
            },
            "sourceSize": {
                "w": 34,
                "h": 34
            }
        },
        "app_shop_bg": {
            "frame": {
                "x": 191,
                "y": 1,
                "w": 30,
                "h": 30
            },
            "offset": {
                "x": 0,
                "y": 0,
                "w": 30,
                "h": 30
            },
            "sourceSize": {
                "w": 30,
                "h": 30
            }
        },
        "app_shop_btn_bg": {
            "frame": {
                "x": 46,
                "y": 1,
                "w": 18,
                "h": 18
            },
            "offset": {
                "x": 0,
                "y": 0,
                "w": 18,
                "h": 18
            },
            "sourceSize": {
                "w": 18,
                "h": 18
            }
        },
        "app_shop_bullets": {
            "frame": {
                "x": 1,
                "y": 91,
                "w": 55,
                "h": 48
            },
            "offset": {
                "x": 0,
                "y": 0,
                "w": 55,
                "h": 48
            },
            "sourceSize": {
                "w": 55,
                "h": 48
            }
        },
        "app_shop_buy": {
            "frame": {
                "x": 65,
                "y": 1,
                "w": 19,
                "h": 20
            },
            "offset": {
                "x": 0,
                "y": 0,
                "w": 19,
                "h": 20
            },
            "sourceSize": {
                "w": 19,
                "h": 20
            }
        },
        "app_shop_diamonds": {
            "frame": {
                "x": 76,
                "y": 42,
                "w": 40,
                "h": 40
            },
            "offset": {
                "x": 0,
                "y": 0,
                "w": 40,
                "h": 40
            },
            "sourceSize": {
                "w": 40,
                "h": 40
            }
        },
        "app_shop_diamonds_mods": {
            "frame": {
                "x": 292,
                "y": 1,
                "w": 34,
                "h": 34
            },
            "offset": {
                "x": 0,
                "y": 0,
                "w": 34,
                "h": 34
            },
            "sourceSize": {
                "w": 34,
                "h": 34
            }
        },
        "app_shop_gold": {
            "frame": {
                "x": 1,
                "y": 42,
                "w": 40,
                "h": 40
            },
            "offset": {
                "x": 0,
                "y": 0,
                "w": 40,
                "h": 40
            },
            "sourceSize": {
                "w": 40,
                "h": 40
            }
        },
        "app_shop_goods_bg": {
            "frame": {
                "x": 1,
                "y": 1,
                "w": 8,
                "h": 8
            },
            "offset": {
                "x": 0,
                "y": 0,
                "w": 8,
                "h": 8
            },
            "sourceSize": {
                "w": 8,
                "h": 8
            }
        },
        "app_shop_has_get": {
            "frame": {
                "x": 10,
                "y": 1,
                "w": 17,
                "h": 17
            },
            "offset": {
                "x": 0,
                "y": 0,
                "w": 17,
                "h": 17
            },
            "sourceSize": {
                "w": 17,
                "h": 17
            }
        },
        "app_shop_has_use": {
            "frame": {
                "x": 28,
                "y": 1,
                "w": 17,
                "h": 17
            },
            "offset": {
                "x": 0,
                "y": 0,
                "w": 17,
                "h": 17
            },
            "sourceSize": {
                "w": 17,
                "h": 17
            }
        },
        "app_shop_icon_nor": {
            "frame": {
                "x": 160,
                "y": 1,
                "w": 30,
                "h": 29
            },
            "offset": {
                "x": 0,
                "y": 0,
                "w": 30,
                "h": 29
            },
            "sourceSize": {
                "w": 30,
                "h": 29
            }
        },
        "app_shop_icon_pre": {
            "frame": {
                "x": 129,
                "y": 1,
                "w": 30,
                "h": 29
            },
            "offset": {
                "x": 0,
                "y": 0,
                "w": 30,
                "h": 29
            },
            "sourceSize": {
                "w": 30,
                "h": 29
            }
        },
        "app_shop_item_bg": {
            "frame": {
                "x": 1,
                "y": 292,
                "w": 189,
                "h": 261
            },
            "offset": {
                "x": 0,
                "y": 0,
                "w": 189,
                "h": 261
            },
            "sourceSize": {
                "w": 189,
                "h": 261
            }
        },
        "app_shop_limit": {
            "frame": {
                "x": 327,
                "y": 1,
                "w": 16,
                "h": 37
            },
            "offset": {
                "x": 0,
                "y": 0,
                "w": 16,
                "h": 37
            },
            "sourceSize": {
                "w": 16,
                "h": 37
            }
        },
        "app_shop_personal_icon": {
            "frame": {
                "x": 334,
                "y": 42,
                "w": 55,
                "h": 48
            },
            "offset": {
                "x": 0,
                "y": 0,
                "w": 55,
                "h": 48
            },
            "sourceSize": {
                "w": 55,
                "h": 48
            }
        },
        "app_shop_tab_bg": {
            "frame": {
                "x": 85,
                "y": 1,
                "w": 43,
                "h": 23
            },
            "offset": {
                "x": 0,
                "y": 0,
                "w": 43,
                "h": 23
            },
            "sourceSize": {
                "w": 43,
                "h": 23
            }
        },
        "app_shop_tab_nor": {
            "frame": {
                "x": 42,
                "y": 42,
                "w": 33,
                "h": 40
            },
            "offset": {
                "x": 0,
                "y": 0,
                "w": 33,
                "h": 40
            },
            "sourceSize": {
                "w": 33,
                "h": 40
            }
        },
        "app_shop_tab_pre": {
            "frame": {
                "x": 379,
                "y": 1,
                "w": 33,
                "h": 40
            },
            "offset": {
                "x": 0,
                "y": 0,
                "w": 33,
                "h": 40
            },
            "sourceSize": {
                "w": 33,
                "h": 40
            }
        },
        "app_shop_tip_dialog_bg": {
            "frame": {
                "x": 57,
                "y": 91,
                "w": 19,
                "h": 53
            },
            "offset": {
                "x": 0,
                "y": 0,
                "w": 19,
                "h": 53
            },
            "sourceSize": {
                "w": 19,
                "h": 53
            }
        },
        "app_shop_title": {
            "frame": {
                "x": 77,
                "y": 91,
                "w": 360,
                "h": 63
            },
            "offset": {
                "x": 0,
                "y": 0,
                "w": 360,
                "h": 63
            },
            "sourceSize": {
                "w": 360,
                "h": 63
            }
        },
        "bedwar_key": {
            "frame": {
                "x": 286,
                "y": 42,
                "w": 47,
                "h": 47
            },
            "offset": {
                "x": 0,
                "y": 0,
                "w": 47,
                "h": 47
            },
            "sourceSize": {
                "w": 47,
                "h": 47
            }
        },
        "ben_normal": {
            "frame": {
                "x": 158,
                "y": 42,
                "w": 127,
                "h": 46
            },
            "offset": {
                "x": 0,
                "y": 0,
                "w": 127,
                "h": 46
            },
            "sourceSize": {
                "w": 127,
                "h": 46
            }
        },
        "buy_success_bg": {
            "frame": {
                "x": 1,
                "y": 155,
                "w": 436,
                "h": 136
            },
            "offset": {
                "x": 0,
                "y": 0,
                "w": 436,
                "h": 136
            },
            "sourceSize": {
                "w": 436,
                "h": 136
            }
        },
        "ic_ad": {
            "frame": {
                "x": 344,
                "y": 1,
                "w": 34,
                "h": 38
            },
            "offset": {
                "x": 0,
                "y": 0,
                "w": 34,
                "h": 38
            },
            "sourceSize": {
                "w": 34,
                "h": 38
            }
        },
        "pxg_key": {
            "frame": {
                "x": 117,
                "y": 42,
                "w": 40,
                "h": 44
            },
            "offset": {
                "x": 0,
                "y": 0,
                "w": 40,
                "h": 44
            },
            "sourceSize": {
                "w": 40,
                "h": 44
            }
        }
    },
    "meta": {
        "image": "app_shop.png",
        "format": "RGBA8888",
        "size": {
            "w": 438,
            "h": 554
        },
        "scale": "1",
        "type": "frame"
    }
}