{
    "frames": {
        "camera_distance_add": {
            "frame": {
                "x": 1,
                "y": 1,
                "w": 15,
                "h": 15
            },
            "offset": {
                "x": 0,
                "y": 0,
                "w": 15,
                "h": 15
            },
            "sourceSize": {
                "w": 15,
                "h": 15
            }
        },
        "camera_distance_btn": {
            "frame": {
                "x": 17,
                "y": 1,
                "w": 56,
                "h": 37
            },
            "offset": {
                "x": 0,
                "y": 0,
                "w": 56,
                "h": 37
            },
            "sourceSize": {
                "w": 56,
                "h": 37
            }
        },
        "camera_distance_minus": {
            "frame": {
                "x": 74,
                "y": 1,
                "w": 15,
                "h": 15
            },
            "offset": {
                "x": 0,
                "y": 0,
                "w": 15,
                "h": 15
            },
            "sourceSize": {
                "w": 15,
                "h": 15
            }
        },
        "camera_distance_nor": {
            "frame": {
                "x": 90,
                "y": 1,
                "w": 38,
                "h": 25
            },
            "offset": {
                "x": 0,
                "y": 0,
                "w": 38,
                "h": 25
            },
            "sourceSize": {
                "w": 38,
                "h": 25
            }
        },
        "camera_distance_pre": {
            "frame": {
                "x": 129,
                "y": 1,
                "w": 28,
                "h": 25
            },
            "offset": {
                "x": 0,
                "y": 0,
                "w": 28,
                "h": 25
            },
            "sourceSize": {
                "w": 28,
                "h": 25
            }
        }
    },
    "meta": {
        "image": "camera_distance.png",
        "format": "RGBA8888",
        "size": {
            "w": 158,
            "h": 39
        },
        "scale": "1",
        "type": "frame"
    }
}