{
    "frames": {
        "click": {
            "frame": {
                "x": 1,
                "y": 1,
                "w": 52,
                "h": 52
            },
            "offset": {
                "x": 0,
                "y": 0,
                "w": 52,
                "h": 52
            },
            "sourceSize": {
                "w": 52,
                "h": 52
            }
        },
        "icon": {
            "frame": {
                "x": 54,
                "y": 1,
                "w": 37,
                "h": 37
            },
            "offset": {
                "x": 0,
                "y": 0,
                "w": 37,
                "h": 37
            },
            "sourceSize": {
                "w": 37,
                "h": 37
            }
        },
        "tip": {
            "frame": {
                "x": 92,
                "y": 1,
                "w": 528,
                "h": 173
            },
            "offset": {
                "x": 0,
                "y": 0,
                "w": 528,
                "h": 173
            },
            "sourceSize": {
                "w": 528,
                "h": 173
            }
        }
    },
    "meta": {
        "image": "common_tip.png",
        "format": "RGBA8888",
        "size": {
            "w": 1024,
            "h": 256
        },
        "scale": "1",
        "type": "frame"
    }
}