{
    "frames": {
        "base_bg1": {
            "frame": {
                "x": 299,
                "y": 39,
                "w": 42,
                "h": 43
            },
            "offset": {
                "x": 0,
                "y": 0,
                "w": 42,
                "h": 43
            },
            "sourceSize": {
                "w": 42,
                "h": 43
            }
        },
        "base_bg2": {
            "frame": {
                "x": 344,
                "y": 134,
                "w": 120,
                "h": 84
            },
            "offset": {
                "x": 0,
                "y": 0,
                "w": 120,
                "h": 84
            },
            "sourceSize": {
                "w": 120,
                "h": 84
            }
        },
        "btn_green": {
            "frame": {
                "x": 111,
                "y": 134,
                "w": 152,
                "h": 65
            },
            "offset": {
                "x": 0,
                "y": 0,
                "w": 152,
                "h": 65
            },
            "sourceSize": {
                "w": 152,
                "h": 65
            }
        },
        "close": {
            "frame": {
                "x": 264,
                "y": 134,
                "w": 79,
                "h": 79
            },
            "offset": {
                "x": 0,
                "y": 0,
                "w": 79,
                "h": 79
            },
            "sourceSize": {
                "w": 79,
                "h": 79
            }
        },
        "common_bg": {
            "frame": {
                "x": 151,
                "y": 219,
                "w": 161,
                "h": 182
            },
            "offset": {
                "x": 0,
                "y": 0,
                "w": 161,
                "h": 182
            },
            "sourceSize": {
                "w": 161,
                "h": 182
            }
        },
        "craftAndFurnace_bg_head": {
            "frame": {
                "x": 1,
                "y": 134,
                "w": 109,
                "h": 52
            },
            "offset": {
                "x": 0,
                "y": 0,
                "w": 109,
                "h": 52
            },
            "sourceSize": {
                "w": 109,
                "h": 52
            }
        },
        "craft_bg_head_L": {
            "frame": {
                "x": 380,
                "y": 83,
                "w": 41,
                "h": 50
            },
            "offset": {
                "x": 0,
                "y": 0,
                "w": 41,
                "h": 50
            },
            "sourceSize": {
                "w": 41,
                "h": 50
            }
        },
        "fire_gray": {
            "frame": {
                "x": 76,
                "y": 219,
                "w": 74,
                "h": 97
            },
            "offset": {
                "x": 0,
                "y": 0,
                "w": 74,
                "h": 97
            },
            "sourceSize": {
                "w": 74,
                "h": 97
            }
        },
        "fire_normal": {
            "frame": {
                "x": 1,
                "y": 219,
                "w": 74,
                "h": 97
            },
            "offset": {
                "x": 0,
                "y": 0,
                "w": 74,
                "h": 97
            },
            "sourceSize": {
                "w": 74,
                "h": 97
            }
        },
        "flowerTex_bg_L": {
            "frame": {
                "x": 211,
                "y": 1,
                "w": 41,
                "h": 37
            },
            "offset": {
                "x": 0,
                "y": 0,
                "w": 41,
                "h": 37
            },
            "sourceSize": {
                "w": 41,
                "h": 37
            }
        },
        "flowerTex_bg_M": {
            "frame": {
                "x": 171,
                "y": 39,
                "w": 127,
                "h": 40
            },
            "offset": {
                "x": 0,
                "y": 0,
                "w": 127,
                "h": 40
            },
            "sourceSize": {
                "w": 127,
                "h": 40
            }
        },
        "flowerTex_bg_R": {
            "frame": {
                "x": 169,
                "y": 1,
                "w": 41,
                "h": 37
            },
            "offset": {
                "x": 0,
                "y": 0,
                "w": 41,
                "h": 37
            },
            "sourceSize": {
                "w": 41,
                "h": 37
            }
        },
        "furnace_process": {
            "frame": {
                "x": 101,
                "y": 1,
                "w": 67,
                "h": 37
            },
            "offset": {
                "x": 0,
                "y": 0,
                "w": 67,
                "h": 37
            },
            "sourceSize": {
                "w": 67,
                "h": 37
            }
        },
        "furnace_process_bg": {
            "frame": {
                "x": 33,
                "y": 1,
                "w": 67,
                "h": 37
            },
            "offset": {
                "x": 0,
                "y": 0,
                "w": 67,
                "h": 37
            },
            "sourceSize": {
                "w": 67,
                "h": 37
            }
        },
        "furnace_title": {
            "frame": {
                "x": 1,
                "y": 83,
                "w": 378,
                "h": 50
            },
            "offset": {
                "x": 0,
                "y": 0,
                "w": 378,
                "h": 50
            },
            "sourceSize": {
                "w": 378,
                "h": 50
            }
        },
        "jiantou": {
            "frame": {
                "x": 1,
                "y": 1,
                "w": 31,
                "h": 26
            },
            "offset": {
                "x": 0,
                "y": 0,
                "w": 31,
                "h": 26
            },
            "sourceSize": {
                "w": 31,
                "h": 26
            }
        },
        "jiantou1": {
            "frame": {
                "x": 253,
                "y": 1,
                "w": 142,
                "h": 37
            },
            "offset": {
                "x": 0,
                "y": 0,
                "w": 142,
                "h": 37
            },
            "sourceSize": {
                "w": 142,
                "h": 37
            }
        },
        "jiantou2": {
            "frame": {
                "x": 313,
                "y": 219,
                "w": 61,
                "h": 231
            },
            "offset": {
                "x": 0,
                "y": 0,
                "w": 61,
                "h": 231
            },
            "sourceSize": {
                "w": 61,
                "h": 231
            }
        },
        "jiantou3": {
            "frame": {
                "x": 396,
                "y": 1,
                "w": 67,
                "h": 37
            },
            "offset": {
                "x": 0,
                "y": 0,
                "w": 67,
                "h": 37
            },
            "sourceSize": {
                "w": 67,
                "h": 37
            }
        },
        "switch_off": {
            "frame": {
                "x": 1,
                "y": 39,
                "w": 84,
                "h": 39
            },
            "offset": {
                "x": 0,
                "y": 0,
                "w": 84,
                "h": 39
            },
            "sourceSize": {
                "w": 84,
                "h": 39
            }
        },
        "switch_on": {
            "frame": {
                "x": 86,
                "y": 39,
                "w": 84,
                "h": 39
            },
            "offset": {
                "x": 0,
                "y": 0,
                "w": 84,
                "h": 39
            },
            "sourceSize": {
                "w": 84,
                "h": 39
            }
        }
    },
    "meta": {
        "image": "craftableImg.png",
        "format": "RGBA8888",
        "size": {
            "w": 512,
            "h": 512
        },
        "scale": "1",
        "type": "frame"
    }
}