{
    "frames": {
        "basement_life_bg": {
            "frame": {
                "x": 123,
                "y": 1,
                "w": 16,
                "h": 11
            },
            "offset": {
                "x": 0,
                "y": 0,
                "w": 16,
                "h": 11
            },
            "sourceSize": {
                "w": 16,
                "h": 11
            }
        },
        "basement_life_green": {
            "frame": {
                "x": 23,
                "y": 1,
                "w": 12,
                "h": 7
            },
            "offset": {
                "x": 0,
                "y": 0,
                "w": 12,
                "h": 7
            },
            "sourceSize": {
                "w": 12,
                "h": 7
            }
        },
        "basement_life_red": {
            "frame": {
                "x": 36,
                "y": 1,
                "w": 12,
                "h": 7
            },
            "offset": {
                "x": 0,
                "y": 0,
                "w": 12,
                "h": 7
            },
            "sourceSize": {
                "w": 12,
                "h": 7
            }
        },
        "basement_life_yellow": {
            "frame": {
                "x": 10,
                "y": 1,
                "w": 12,
                "h": 7
            },
            "offset": {
                "x": 0,
                "y": 0,
                "w": 12,
                "h": 7
            },
            "sourceSize": {
                "w": 12,
                "h": 7
            }
        },
        "boss_life": {
            "frame": {
                "x": 1,
                "y": 50,
                "w": 344,
                "h": 25
            },
            "offset": {
                "x": 0,
                "y": 0,
                "w": 344,
                "h": 25
            },
            "sourceSize": {
                "w": 344,
                "h": 25
            }
        },
        "countdown_time": {
            "frame": {
                "x": 1,
                "y": 76,
                "w": 174,
                "h": 29
            },
            "offset": {
                "x": 0,
                "y": 0,
                "w": 174,
                "h": 29
            },
            "sourceSize": {
                "w": 174,
                "h": 29
            }
        },
        "game_tip": {
            "frame": {
                "x": 1,
                "y": 120,
                "w": 384,
                "h": 49
            },
            "offset": {
                "x": 0,
                "y": 0,
                "w": 384,
                "h": 49
            },
            "sourceSize": {
                "w": 384,
                "h": 49
            }
        },
        "gun_1": {
            "frame": {
                "x": 210,
                "y": 170,
                "w": 66,
                "h": 66
            },
            "offset": {
                "x": 0,
                "y": 0,
                "w": 66,
                "h": 66
            },
            "sourceSize": {
                "w": 66,
                "h": 66
            }
        },
        "gun_2": {
            "frame": {
                "x": 143,
                "y": 170,
                "w": 66,
                "h": 66
            },
            "offset": {
                "x": 0,
                "y": 0,
                "w": 66,
                "h": 66
            },
            "sourceSize": {
                "w": 66,
                "h": 66
            }
        },
        "gun_3": {
            "frame": {
                "x": 277,
                "y": 170,
                "w": 66,
                "h": 66
            },
            "offset": {
                "x": 0,
                "y": 0,
                "w": 66,
                "h": 66
            },
            "sourceSize": {
                "w": 66,
                "h": 66
            }
        },
        "gun_bottom": {
            "frame": {
                "x": 163,
                "y": 1,
                "w": 22,
                "h": 22
            },
            "offset": {
                "x": 0,
                "y": 0,
                "w": 22,
                "h": 22
            },
            "sourceSize": {
                "w": 22,
                "h": 22
            }
        },
        "gun_left": {
            "frame": {
                "x": 186,
                "y": 1,
                "w": 22,
                "h": 22
            },
            "offset": {
                "x": 0,
                "y": 0,
                "w": 22,
                "h": 22
            },
            "sourceSize": {
                "w": 22,
                "h": 22
            }
        },
        "gun_right": {
            "frame": {
                "x": 140,
                "y": 1,
                "w": 22,
                "h": 22
            },
            "offset": {
                "x": 0,
                "y": 0,
                "w": 22,
                "h": 22
            },
            "sourceSize": {
                "w": 22,
                "h": 22
            }
        },
        "gun_top": {
            "frame": {
                "x": 209,
                "y": 1,
                "w": 22,
                "h": 22
            },
            "offset": {
                "x": 0,
                "y": 0,
                "w": 22,
                "h": 22
            },
            "sourceSize": {
                "w": 22,
                "h": 22
            }
        },
        "map_name": {
            "frame": {
                "x": 194,
                "y": 76,
                "w": 170,
                "h": 43
            },
            "offset": {
                "x": 0,
                "y": 0,
                "w": 170,
                "h": 43
            },
            "sourceSize": {
                "w": 170,
                "h": 43
            }
        },
        "map_name_back": {
            "frame": {
                "x": 1,
                "y": 237,
                "w": 233,
                "h": 343
            },
            "offset": {
                "x": 0,
                "y": 0,
                "w": 233,
                "h": 343
            },
            "sourceSize": {
                "w": 233,
                "h": 343
            }
        },
        "rank_back": {
            "frame": {
                "x": 1,
                "y": 24,
                "w": 344,
                "h": 25
            },
            "offset": {
                "x": 0,
                "y": 0,
                "w": 344,
                "h": 25
            },
            "sourceSize": {
                "w": 344,
                "h": 25
            }
        },
        "rank_btn": {
            "frame": {
                "x": 1,
                "y": 170,
                "w": 141,
                "h": 51
            },
            "offset": {
                "x": 0,
                "y": 0,
                "w": 141,
                "h": 51
            },
            "sourceSize": {
                "w": 141,
                "h": 51
            }
        },
        "rank_title_space": {
            "frame": {
                "x": 7,
                "y": 1,
                "w": 2,
                "h": 6
            },
            "offset": {
                "x": 0,
                "y": 0,
                "w": 2,
                "h": 6
            },
            "sourceSize": {
                "w": 2,
                "h": 6
            }
        },
        "rank_title_top_space": {
            "frame": {
                "x": 1,
                "y": 1,
                "w": 5,
                "h": 2
            },
            "offset": {
                "x": 0,
                "y": 0,
                "w": 5,
                "h": 2
            },
            "sourceSize": {
                "w": 5,
                "h": 2
            }
        },
        "shotgun_bottom": {
            "frame": {
                "x": 86,
                "y": 1,
                "w": 36,
                "h": 8
            },
            "offset": {
                "x": 0,
                "y": 0,
                "w": 36,
                "h": 8
            },
            "sourceSize": {
                "w": 36,
                "h": 8
            }
        },
        "shotgun_left": {
            "frame": {
                "x": 176,
                "y": 76,
                "w": 8,
                "h": 36
            },
            "offset": {
                "x": 0,
                "y": 0,
                "w": 8,
                "h": 36
            },
            "sourceSize": {
                "w": 8,
                "h": 36
            }
        },
        "shotgun_right": {
            "frame": {
                "x": 185,
                "y": 76,
                "w": 8,
                "h": 36
            },
            "offset": {
                "x": 0,
                "y": 0,
                "w": 8,
                "h": 36
            },
            "sourceSize": {
                "w": 8,
                "h": 36
            }
        },
        "shotgun_top": {
            "frame": {
                "x": 49,
                "y": 1,
                "w": 36,
                "h": 8
            },
            "offset": {
                "x": 0,
                "y": 0,
                "w": 36,
                "h": 8
            },
            "sourceSize": {
                "w": 36,
                "h": 8
            }
        }
    },
    "meta": {
        "image": "creepy_aliens.png",
        "format": "RGBA8888",
        "size": {
            "w": 386,
            "h": 581
        },
        "scale": "1",
        "type": "frame"
    }
}