{
    "frames": {
        "ad_btn": {
            "frame": {
                "x": 1,
                "y": 1,
                "w": 51,
                "h": 35
            },
            "offset": {
                "x": 0,
                "y": 0,
                "w": 51,
                "h": 35
            },
            "sourceSize": {
                "w": 51,
                "h": 35
            }
        },
        "ending_draw": {
            "frame": {
                "x": 53,
                "y": 1,
                "w": 558,
                "h": 107
            },
            "offset": {
                "x": 0,
                "y": 0,
                "w": 558,
                "h": 107
            },
            "sourceSize": {
                "w": 558,
                "h": 107
            }
        },
        "ending_fail": {
            "frame": {
                "x": 1,
                "y": 109,
                "w": 558,
                "h": 107
            },
            "offset": {
                "x": 0,
                "y": 0,
                "w": 558,
                "h": 107
            },
            "sourceSize": {
                "w": 558,
                "h": 107
            }
        },
        "ending_victory": {
            "frame": {
                "x": 1,
                "y": 217,
                "w": 675,
                "h": 107
            },
            "offset": {
                "x": 0,
                "y": 0,
                "w": 675,
                "h": 107
            },
            "sourceSize": {
                "w": 675,
                "h": 107
            }
        }
    },
    "meta": {
        "image": "ending_status.png",
        "format": "RGBA8888",
        "size": {
            "w": 677,
            "h": 325
        },
        "scale": "1",
        "type": "frame"
    }
}