{
    "frames": {
        "shenggao_pre": {
            "frame": {
                "y": 1, 
                "x": 374, 
                "w": 84, 
                "h": 84
            }, 
            "sourceSize": {
                "h": 84, 
                "w": 84
            }, 
            "offset": {
                "y": 0, 
                "x": 0, 
                "w": 84, 
                "h": 84
            }
        }, 
        "jiangdi": {
            "frame": {
                "y": 1, 
                "x": 1, 
                "w": 84, 
                "h": 84
            }, 
            "sourceSize": {
                "h": 84, 
                "w": 84
            }, 
            "offset": {
                "y": 0, 
                "x": 0, 
                "w": 84, 
                "h": 84
            }
        }, 
        "luodi": {
            "frame": {
                "y": 1, 
                "x": 171, 
                "w": 117, 
                "h": 117
            }, 
            "sourceSize": {
                "h": 117, 
                "w": 117
            }, 
            "offset": {
                "y": 0, 
                "x": 0, 
                "w": 117, 
                "h": 117
            }
        }, 
        "jiangdi_pre": {
            "frame": {
                "y": 1, 
                "x": 86, 
                "w": 84, 
                "h": 84
            }, 
            "sourceSize": {
                "h": 84, 
                "w": 84
            }, 
            "offset": {
                "y": 0, 
                "x": 0, 
                "w": 84, 
                "h": 84
            }
        }, 
        "shenggao": {
            "frame": {
                "y": 1, 
                "x": 289, 
                "w": 84, 
                "h": 84
            }, 
            "sourceSize": {
                "h": 84, 
                "w": 84
            }, 
            "offset": {
                "y": 0, 
                "x": 0, 
                "w": 84, 
                "h": 84
            }
        }
    }, 
    "meta": {
        "scale": "1", 
        "format": "RGBA8888", 
        "type": "frame", 
        "image": "fly_control.png", 
        "size": {
            "h": 119, 
            "w": 459
        }
    }
}