{
    "frames": {
        "block_mods_bg": {
            "frame": {
                "x": 1,
                "y": 1,
                "w": 1920,
                "h": 1080
            },
            "offset": {
                "x": 0,
                "y": 0,
                "w": 1920,
                "h": 1080
            },
            "sourceSize": {
                "w": 1920,
                "h": 1080
            }
        }
    },
    "meta": {
        "image": "gameloading.png",
        "format": "RGBA8888",
        "size": {
            "w": 1922,
            "h": 1082
        },
        "scale": "1",
        "type": "frame"
    }
}