{
    "frames": {
        "shop_bg": {
            "frame": {
                "x": 1,
                "y": 1,
                "w": 1074,
                "h": 600
            },
            "offset": {
                "x": 0,
                "y": 0,
                "w": 1074,
                "h": 600
            },
            "sourceSize": {
                "w": 1074,
                "h": 600
            }
        },
        "shop_property_bg": {
            "frame": {
                "x": 1,
                "y": 602,
                "w": 104,
                "h": 38
            },
            "offset": {
                "x": 0,
                "y": 0,
                "w": 104,
                "h": 38
            },
            "sourceSize": {
                "w": 104,
                "h": 38
            }
        },
        "shop_tab_nor": {
            "frame": {
                "x": 106,
                "y": 602,
                "w": 193,
                "h": 66
            },
            "offset": {
                "x": 0,
                "y": 0,
                "w": 193,
                "h": 66
            },
            "sourceSize": {
                "w": 193,
                "h": 66
            }
        },
        "shop_tab_pre": {
            "frame": {
                "x": 300,
                "y": 602,
                "w": 193,
                "h": 66
            },
            "offset": {
                "x": 0,
                "y": 0,
                "w": 193,
                "h": 66
            },
            "sourceSize": {
                "w": 193,
                "h": 66
            }
        },
        "show_add_property_nor": {
            "frame": {
                "x": 494,
                "y": 602,
                "w": 46,
                "h": 42
            },
            "offset": {
                "x": 0,
                "y": 0,
                "w": 46,
                "h": 42
            },
            "sourceSize": {
                "w": 46,
                "h": 42
            }
        },
        "show_item_bg": {
            "frame": {
                "x": 541,
                "y": 602,
                "w": 180,
                "h": 228
            },
            "offset": {
                "x": 0,
                "y": 0,
                "w": 180,
                "h": 228
            },
            "sourceSize": {
                "w": 180,
                "h": 228
            }
        },
        "show_item_btn_nor": {
            "frame": {
                "x": 722,
                "y": 602,
                "w": 116,
                "h": 42
            },
            "offset": {
                "x": 0,
                "y": 0,
                "w": 116,
                "h": 42
            },
            "sourceSize": {
                "w": 116,
                "h": 42
            }
        },
        "show_item_btn_pre": {
            "frame": {
                "x": 839,
                "y": 602,
                "w": 116,
                "h": 42
            },
            "offset": {
                "x": 0,
                "y": 0,
                "w": 116,
                "h": 42
            },
            "sourceSize": {
                "w": 116,
                "h": 42
            }
        }
    },
    "meta": {
        "image": "gui_shop.png",
        "format": "RGBA8888",
        "size": {
            "w": 1076,
            "h": 831
        },
        "scale": "1",
        "type": "frame"
    }
}