{
    "frames": {
        "qifei": {
            "frame": {
                "y": 1, 
                "x": 1, 
                "w": 115, 
                "h": 115
            }, 
            "sourceSize": {
                "h": 115, 
                "w": 115
            }, 
            "offset": {
                "y": 0, 
                "x": 0, 
                "w": 115, 
                "h": 115
            }
        }
    }, 
    "meta": {
        "scale": "1", 
        "format": "RGBA8888", 
        "type": "frame", 
        "image": "jump_control.png", 
        "size": {
            "h": 117, 
            "w": 116
        }
    }
}