{
    "frames": {
        "auto_run_false": {
            "frame": {
                "x": 1,
                "y": 1,
                "w": 69,
                "h": 69
            },
            "offset": {
                "x": 0,
                "y": 0,
                "w": 69,
                "h": 69
            },
            "sourceSize": {
                "w": 69,
                "h": 69
            }
        },
        "auto_run_true": {
            "frame": {
                "x": 71,
                "y": 1,
                "w": 69,
                "h": 69
            },
            "offset": {
                "x": 0,
                "y": 0,
                "w": 69,
                "h": 69
            },
            "sourceSize": {
                "w": 69,
                "h": 69
            }
        },
        "skill_btn": {
            "frame": {
                "x": 141,
                "y": 1,
                "w": 74,
                "h": 74
            },
            "offset": {
                "x": 0,
                "y": 0,
                "w": 74,
                "h": 74
            },
            "sourceSize": {
                "w": 74,
                "h": 74
            }
        }
    },
    "meta": {
        "image": "main_btn.png",
        "format": "RGBA8888",
        "size": {
            "w": 216,
            "h": 76
        },
        "scale": "1",
        "type": "frame"
    }
}