{
    "frames": {
        "action_arrow": {
            "frame": {
                "x": 105,
                "y": 1,
                "w": 25,
                "h": 15
            },
            "offset": {
                "x": 0,
                "y": 0,
                "w": 25,
                "h": 15
            },
            "sourceSize": {
                "w": 25,
                "h": 15
            }
        },
        "action_icon_nor": {
            "frame": {
                "x": 681,
                "y": 72,
                "w": 52,
                "h": 45
            },
            "offset": {
                "x": 0,
                "y": 0,
                "w": 52,
                "h": 45
            },
            "sourceSize": {
                "w": 52,
                "h": 45
            }
        },
        "action_icon_pre": {
            "frame": {
                "x": 107,
                "y": 118,
                "w": 52,
                "h": 45
            },
            "offset": {
                "x": 0,
                "y": 0,
                "w": 52,
                "h": 45
            },
            "sourceSize": {
                "w": 52,
                "h": 45
            }
        },
        "armor_btn_nor": {
            "frame": {
                "x": 281,
                "y": 1,
                "w": 19,
                "h": 19
            },
            "offset": {
                "x": 0,
                "y": 0,
                "w": 19,
                "h": 19
            },
            "sourceSize": {
                "w": 19,
                "h": 19
            }
        },
        "armor_btn_pre": {
            "frame": {
                "x": 341,
                "y": 1,
                "w": 19,
                "h": 19
            },
            "offset": {
                "x": 0,
                "y": 0,
                "w": 19,
                "h": 19
            },
            "sourceSize": {
                "w": 19,
                "h": 19
            }
        },
        "armor_foot_bg": {
            "frame": {
                "x": 1,
                "y": 321,
                "w": 240,
                "h": 115
            },
            "offset": {
                "x": 0,
                "y": 0,
                "w": 240,
                "h": 115
            },
            "sourceSize": {
                "w": 240,
                "h": 115
            }
        },
        "armor_item_stack_bg": {
            "frame": {
                "x": 75,
                "y": 1,
                "w": 13,
                "h": 13
            },
            "offset": {
                "x": 0,
                "y": 0,
                "w": 13,
                "h": 13
            },
            "sourceSize": {
                "w": 13,
                "h": 13
            }
        },
        "armor_page_bg": {
            "frame": {
                "x": 242,
                "y": 321,
                "w": 33,
                "h": 128
            },
            "offset": {
                "x": 0,
                "y": 0,
                "w": 33,
                "h": 128
            },
            "sourceSize": {
                "w": 33,
                "h": 128
            }
        },
        "armor_radio_nor": {
            "frame": {
                "x": 381,
                "y": 1,
                "w": 19,
                "h": 19
            },
            "offset": {
                "x": 0,
                "y": 0,
                "w": 19,
                "h": 19
            },
            "sourceSize": {
                "w": 19,
                "h": 19
            }
        },
        "armor_radio_pre": {
            "frame": {
                "x": 361,
                "y": 1,
                "w": 19,
                "h": 19
            },
            "offset": {
                "x": 0,
                "y": 0,
                "w": 19,
                "h": 19
            },
            "sourceSize": {
                "w": 19,
                "h": 19
            }
        },
        "bedwar_blue_bed": {
            "frame": {
                "x": 280,
                "y": 33,
                "w": 43,
                "h": 31
            },
            "offset": {
                "x": 0,
                "y": 0,
                "w": 43,
                "h": 31
            },
            "sourceSize": {
                "w": 43,
                "h": 31
            }
        },
        "bedwar_green_bed": {
            "frame": {
                "x": 23,
                "y": 33,
                "w": 43,
                "h": 31
            },
            "offset": {
                "x": 0,
                "y": 0,
                "w": 43,
                "h": 31
            },
            "sourceSize": {
                "w": 43,
                "h": 31
            }
        },
        "bedwar_no_bed": {
            "frame": {
                "x": 473,
                "y": 118,
                "w": 48,
                "h": 46
            },
            "offset": {
                "x": 0,
                "y": 0,
                "w": 48,
                "h": 46
            },
            "sourceSize": {
                "w": 48,
                "h": 46
            }
        },
        "bedwar_red_bed": {
            "frame": {
                "x": 204,
                "y": 33,
                "w": 43,
                "h": 31
            },
            "offset": {
                "x": 0,
                "y": 0,
                "w": 43,
                "h": 31
            },
            "sourceSize": {
                "w": 43,
                "h": 31
            }
        },
        "bedwar_yellow_bed": {
            "frame": {
                "x": 324,
                "y": 33,
                "w": 43,
                "h": 31
            },
            "offset": {
                "x": 0,
                "y": 0,
                "w": 43,
                "h": 31
            },
            "sourceSize": {
                "w": 43,
                "h": 31
            }
        },
        "bg_app_money": {
            "frame": {
                "x": 563,
                "y": 33,
                "w": 36,
                "h": 36
            },
            "offset": {
                "x": 0,
                "y": 0,
                "w": 36,
                "h": 36
            },
            "sourceSize": {
                "w": 36,
                "h": 36
            }
        },
        "bg_attack_progress": {
            "frame": {
                "x": 254,
                "y": 1,
                "w": 8,
                "h": 18
            },
            "offset": {
                "x": 0,
                "y": 0,
                "w": 8,
                "h": 18
            },
            "sourceSize": {
                "w": 8,
                "h": 18
            }
        },
        "bg_defense_progress": {
            "frame": {
                "x": 272,
                "y": 1,
                "w": 8,
                "h": 18
            },
            "offset": {
                "x": 0,
                "y": 0,
                "w": 8,
                "h": 18
            },
            "sourceSize": {
                "w": 8,
                "h": 18
            }
        },
        "bg_water_progress": {
            "frame": {
                "x": 263,
                "y": 1,
                "w": 8,
                "h": 18
            },
            "offset": {
                "x": 0,
                "y": 0,
                "w": 8,
                "h": 18
            },
            "sourceSize": {
                "w": 8,
                "h": 18
            }
        },
        "blue_btn_nor": {
            "frame": {
                "x": 361,
                "y": 1,
                "w": 19,
                "h": 19
            },
            "offset": {
                "x": 0,
                "y": 0,
                "w": 19,
                "h": 19
            },
            "sourceSize": {
                "w": 19,
                "h": 19
            }
        },
        "blue_btn_pre": {
            "frame": {
                "x": 381,
                "y": 1,
                "w": 19,
                "h": 19
            },
            "offset": {
                "x": 0,
                "y": 0,
                "w": 19,
                "h": 19
            },
            "sourceSize": {
                "w": 19,
                "h": 19
            }
        },
        "blue_icon": {
            "frame": {
                "x": 72,
                "y": 173,
                "w": 54,
                "h": 54
            },
            "offset": {
                "x": 0,
                "y": 0,
                "w": 54,
                "h": 54
            },
            "sourceSize": {
                "w": 54,
                "h": 54
            }
        },
        "brown_icon": {
            "frame": {
                "x": 700,
                "y": 118,
                "w": 54,
                "h": 54
            },
            "offset": {
                "x": 0,
                "y": 0,
                "w": 54,
                "h": 54
            },
            "sourceSize": {
                "w": 54,
                "h": 54
            }
        },
        "btn_add_diamond": {
            "frame": {
                "x": 425,
                "y": 118,
                "w": 47,
                "h": 46
            },
            "offset": {
                "x": 0,
                "y": 0,
                "w": 47,
                "h": 46
            },
            "sourceSize": {
                "w": 47,
                "h": 46
            }
        },
        "btn_green_nor": {
            "frame": {
                "x": 542,
                "y": 1,
                "w": 20,
                "h": 20
            },
            "offset": {
                "x": 0,
                "y": 0,
                "w": 20,
                "h": 20
            },
            "sourceSize": {
                "w": 20,
                "h": 20
            }
        },
        "btn_green_pre": {
            "frame": {
                "x": 521,
                "y": 1,
                "w": 20,
                "h": 20
            },
            "offset": {
                "x": 0,
                "y": 0,
                "w": 20,
                "h": 20
            },
            "sourceSize": {
                "w": 20,
                "h": 20
            }
        },
        "chat_icon_nor": {
            "frame": {
                "x": 372,
                "y": 118,
                "w": 52,
                "h": 45
            },
            "offset": {
                "x": 0,
                "y": 0,
                "w": 52,
                "h": 45
            },
            "sourceSize": {
                "w": 52,
                "h": 45
            }
        },
        "chat_icon_pre": {
            "frame": {
                "x": 628,
                "y": 72,
                "w": 52,
                "h": 45
            },
            "offset": {
                "x": 0,
                "y": 0,
                "w": 52,
                "h": 45
            },
            "sourceSize": {
                "w": 52,
                "h": 45
            }
        },
        "chat_input_bg": {
            "frame": {
                "x": 6,
                "y": 1,
                "w": 7,
                "h": 7
            },
            "offset": {
                "x": 0,
                "y": 0,
                "w": 7,
                "h": 7
            },
            "sourceSize": {
                "w": 7,
                "h": 7
            }
        },
        "chat_send_nor": {
            "frame": {
                "x": 1,
                "y": 118,
                "w": 52,
                "h": 45
            },
            "offset": {
                "x": 0,
                "y": 0,
                "w": 52,
                "h": 45
            },
            "sourceSize": {
                "w": 52,
                "h": 45
            }
        },
        "chat_send_pre": {
            "frame": {
                "x": 319,
                "y": 118,
                "w": 52,
                "h": 45
            },
            "offset": {
                "x": 0,
                "y": 0,
                "w": 52,
                "h": 45
            },
            "sourceSize": {
                "w": 52,
                "h": 45
            }
        },
        "compound_arrow_nor": {
            "frame": {
                "x": 307,
                "y": 173,
                "w": 69,
                "h": 59
            },
            "offset": {
                "x": 0,
                "y": 0,
                "w": 69,
                "h": 59
            },
            "sourceSize": {
                "w": 69,
                "h": 59
            }
        },
        "compound_arrow_pre": {
            "frame": {
                "x": 237,
                "y": 173,
                "w": 69,
                "h": 59
            },
            "offset": {
                "x": 0,
                "y": 0,
                "w": 69,
                "h": 59
            },
            "sourceSize": {
                "w": 69,
                "h": 59
            }
        },
        "compound_details_bg": {
            "frame": {
                "x": 641,
                "y": 1,
                "w": 25,
                "h": 27
            },
            "offset": {
                "x": 0,
                "y": 0,
                "w": 25,
                "h": 27
            },
            "sourceSize": {
                "w": 25,
                "h": 27
            }
        },
        "compound_result_bg": {
            "frame": {
                "x": 293,
                "y": 321,
                "w": 181,
                "h": 185
            },
            "offset": {
                "x": 0,
                "y": 0,
                "w": 181,
                "h": 185
            },
            "sourceSize": {
                "w": 181,
                "h": 185
            }
        },
        "compound_result_item_bg": {
            "frame": {
                "x": 467,
                "y": 1,
                "w": 20,
                "h": 20
            },
            "offset": {
                "x": 0,
                "y": 0,
                "w": 20,
                "h": 20
            },
            "sourceSize": {
                "w": 20,
                "h": 20
            }
        },
        "diaochuanxia": {
            "frame": {
                "x": 377,
                "y": 173,
                "w": 63,
                "h": 63
            },
            "offset": {
                "x": 0,
                "y": 0,
                "w": 63,
                "h": 63
            },
            "sourceSize": {
                "w": 63,
                "h": 63
            }
        },
        "diaochucaidananniu": {
            "frame": {
                "x": 441,
                "y": 173,
                "w": 63,
                "h": 63
            },
            "offset": {
                "x": 0,
                "y": 0,
                "w": 63,
                "h": 63
            },
            "sourceSize": {
                "w": 63,
                "h": 63
            }
        },
        "final_summary_bg": {
            "frame": {
                "x": 615,
                "y": 1,
                "w": 25,
                "h": 27
            },
            "offset": {
                "x": 0,
                "y": 0,
                "w": 25,
                "h": 27
            },
            "sourceSize": {
                "w": 25,
                "h": 27
            }
        },
        "green_btn_nor": {
            "frame": {
                "x": 321,
                "y": 1,
                "w": 19,
                "h": 19
            },
            "offset": {
                "x": 0,
                "y": 0,
                "w": 19,
                "h": 19
            },
            "sourceSize": {
                "w": 19,
                "h": 19
            }
        },
        "green_btn_pre": {
            "frame": {
                "x": 301,
                "y": 1,
                "w": 19,
                "h": 19
            },
            "offset": {
                "x": 0,
                "y": 0,
                "w": 19,
                "h": 19
            },
            "sourceSize": {
                "w": 19,
                "h": 19
            }
        },
        "icon_attack": {
            "frame": {
                "x": 667,
                "y": 1,
                "w": 28,
                "h": 28
            },
            "offset": {
                "x": 0,
                "y": 0,
                "w": 28,
                "h": 28
            },
            "sourceSize": {
                "w": 28,
                "h": 28
            }
        },
        "itemTableBg": {
            "frame": {
                "x": 1,
                "y": 239,
                "w": 674,
                "h": 81
            },
            "offset": {
                "x": 0,
                "y": 0,
                "w": 674,
                "h": 81
            },
            "sourceSize": {
                "w": 674,
                "h": 81
            }
        },
        "loadingBlock_bg": {
            "frame": {
                "x": 1,
                "y": 1,
                "w": 1,
                "h": 1
            },
            "offset": {
                "x": 0,
                "y": 0,
                "w": 1,
                "h": 1
            },
            "sourceSize": {
                "w": 1,
                "h": 1
            }
        },
        "menu_bg": {
            "frame": {
                "x": 696,
                "y": 1,
                "w": 29,
                "h": 29
            },
            "offset": {
                "x": 0,
                "y": 0,
                "w": 29,
                "h": 29
            },
            "sourceSize": {
                "w": 29,
                "h": 29
            }
        },
        "menu_icon_nor": {
            "frame": {
                "x": 54,
                "y": 118,
                "w": 52,
                "h": 45
            },
            "offset": {
                "x": 0,
                "y": 0,
                "w": 52,
                "h": 45
            },
            "sourceSize": {
                "w": 52,
                "h": 45
            }
        },
        "menu_icon_pre": {
            "frame": {
                "x": 734,
                "y": 72,
                "w": 52,
                "h": 45
            },
            "offset": {
                "x": 0,
                "y": 0,
                "w": 52,
                "h": 45
            },
            "sourceSize": {
                "w": 52,
                "h": 45
            }
        },
        "menu_player_item_add_friend_icon": {
            "frame": {
                "x": 1,
                "y": 173,
                "w": 70,
                "h": 54
            },
            "offset": {
                "x": 0,
                "y": 0,
                "w": 70,
                "h": 54
            },
            "sourceSize": {
                "w": 70,
                "h": 54
            }
        },
        "menu_player_item_friend_icon": {
            "frame": {
                "x": 181,
                "y": 72,
                "w": 42,
                "h": 42
            },
            "offset": {
                "x": 0,
                "y": 0,
                "w": 42,
                "h": 42
            },
            "sourceSize": {
                "w": 42,
                "h": 42
            }
        },
        "menu_radio_arrow": {
            "frame": {
                "x": 600,
                "y": 33,
                "w": 20,
                "h": 37
            },
            "offset": {
                "x": 0,
                "y": 0,
                "w": 20,
                "h": 37
            },
            "sourceSize": {
                "w": 20,
                "h": 37
            }
        },
        "menu_radio_bg": {
            "frame": {
                "x": 47,
                "y": 1,
                "w": 13,
                "h": 13
            },
            "offset": {
                "x": 0,
                "y": 0,
                "w": 13,
                "h": 13
            },
            "sourceSize": {
                "w": 13,
                "h": 13
            }
        },
        "menu_radio_nor": {
            "frame": {
                "x": 655,
                "y": 33,
                "w": 33,
                "h": 37
            },
            "offset": {
                "x": 0,
                "y": 0,
                "w": 33,
                "h": 37
            },
            "sourceSize": {
                "w": 33,
                "h": 37
            }
        },
        "menu_radio_pre": {
            "frame": {
                "x": 621,
                "y": 33,
                "w": 33,
                "h": 37
            },
            "offset": {
                "x": 0,
                "y": 0,
                "w": 33,
                "h": 37
            },
            "sourceSize": {
                "w": 33,
                "h": 37
            }
        },
        "menu_setting_item_bg": {
            "frame": {
                "x": 392,
                "y": 72,
                "w": 235,
                "h": 42
            },
            "offset": {
                "x": 0,
                "y": 0,
                "w": 235,
                "h": 42
            },
            "sourceSize": {
                "w": 235,
                "h": 42
            }
        },
        "menu_setting_progress_btn": {
            "frame": {
                "x": 728,
                "y": 33,
                "w": 38,
                "h": 38
            },
            "offset": {
                "x": 0,
                "y": 0,
                "w": 38,
                "h": 38
            },
            "sourceSize": {
                "w": 38,
                "h": 38
            }
        },
        "menu_setting_progress_nor": {
            "frame": {
                "x": 509,
                "y": 1,
                "w": 11,
                "h": 20
            },
            "offset": {
                "x": 0,
                "y": 0,
                "w": 11,
                "h": 20
            },
            "sourceSize": {
                "w": 11,
                "h": 20
            }
        },
        "menu_setting_progress_pre": {
            "frame": {
                "x": 455,
                "y": 1,
                "w": 11,
                "h": 20
            },
            "offset": {
                "x": 0,
                "y": 0,
                "w": 11,
                "h": 20
            },
            "sourceSize": {
                "w": 11,
                "h": 20
            }
        },
        "menu_setting_red_dot_icon": {
            "frame": {
                "x": 165,
                "y": 1,
                "w": 16,
                "h": 16
            },
            "offset": {
                "x": 0,
                "y": 0,
                "w": 16,
                "h": 16
            },
            "sourceSize": {
                "w": 16,
                "h": 16
            }
        },
        "menu_setting_switch_close": {
            "frame": {
                "x": 91,
                "y": 72,
                "w": 89,
                "h": 38
            },
            "offset": {
                "x": 0,
                "y": 0,
                "w": 89,
                "h": 38
            },
            "sourceSize": {
                "w": 89,
                "h": 38
            }
        },
        "menu_setting_switch_open": {
            "frame": {
                "x": 1,
                "y": 72,
                "w": 89,
                "h": 38
            },
            "offset": {
                "x": 0,
                "y": 0,
                "w": 89,
                "h": 38
            },
            "sourceSize": {
                "w": 89,
                "h": 38
            }
        },
        "money_expand": {
            "frame": {
                "x": 200,
                "y": 1,
                "w": 26,
                "h": 17
            },
            "offset": {
                "x": 0,
                "y": 0,
                "w": 26,
                "h": 17
            },
            "sourceSize": {
                "w": 26,
                "h": 17
            }
        },
        "money_num_bg": {
            "frame": {
                "x": 224,
                "y": 72,
                "w": 167,
                "h": 42
            },
            "offset": {
                "x": 0,
                "y": 0,
                "w": 167,
                "h": 42
            },
            "sourceSize": {
                "w": 167,
                "h": 42
            }
        },
        "money_unexpand": {
            "frame": {
                "x": 227,
                "y": 1,
                "w": 26,
                "h": 17
            },
            "offset": {
                "x": 0,
                "y": 0,
                "w": 26,
                "h": 17
            },
            "sourceSize": {
                "w": 26,
                "h": 17
            }
        },
        "number_eight": {
            "frame": {
                "x": 518,
                "y": 33,
                "w": 21,
                "h": 31
            },
            "offset": {
                "x": 0,
                "y": 0,
                "w": 21,
                "h": 31
            },
            "sourceSize": {
                "w": 21,
                "h": 31
            }
        },
        "number_five": {
            "frame": {
                "x": 116,
                "y": 33,
                "w": 21,
                "h": 31
            },
            "offset": {
                "x": 0,
                "y": 0,
                "w": 21,
                "h": 31
            },
            "sourceSize": {
                "w": 21,
                "h": 31
            }
        },
        "number_four": {
            "frame": {
                "x": 160,
                "y": 33,
                "w": 21,
                "h": 31
            },
            "offset": {
                "x": 0,
                "y": 0,
                "w": 21,
                "h": 31
            },
            "sourceSize": {
                "w": 21,
                "h": 31
            }
        },
        "number_nine": {
            "frame": {
                "x": 138,
                "y": 33,
                "w": 21,
                "h": 31
            },
            "offset": {
                "x": 0,
                "y": 0,
                "w": 21,
                "h": 31
            },
            "sourceSize": {
                "w": 21,
                "h": 31
            }
        },
        "number_one": {
            "frame": {
                "x": 99,
                "y": 33,
                "w": 16,
                "h": 31
            },
            "offset": {
                "x": 0,
                "y": 0,
                "w": 16,
                "h": 31
            },
            "sourceSize": {
                "w": 16,
                "h": 31
            }
        },
        "number_seven": {
            "frame": {
                "x": 496,
                "y": 33,
                "w": 21,
                "h": 31
            },
            "offset": {
                "x": 0,
                "y": 0,
                "w": 21,
                "h": 31
            },
            "sourceSize": {
                "w": 21,
                "h": 31
            }
        },
        "number_six": {
            "frame": {
                "x": 1,
                "y": 33,
                "w": 21,
                "h": 31
            },
            "offset": {
                "x": 0,
                "y": 0,
                "w": 21,
                "h": 31
            },
            "sourceSize": {
                "w": 21,
                "h": 31
            }
        },
        "number_three": {
            "frame": {
                "x": 757,
                "y": 1,
                "w": 21,
                "h": 31
            },
            "offset": {
                "x": 0,
                "y": 0,
                "w": 21,
                "h": 31
            },
            "sourceSize": {
                "w": 21,
                "h": 31
            }
        },
        "number_two": {
            "frame": {
                "x": 182,
                "y": 33,
                "w": 21,
                "h": 31
            },
            "offset": {
                "x": 0,
                "y": 0,
                "w": 21,
                "h": 31
            },
            "sourceSize": {
                "w": 21,
                "h": 31
            }
        },
        "number_zero": {
            "frame": {
                "x": 540,
                "y": 33,
                "w": 22,
                "h": 31
            },
            "offset": {
                "x": 0,
                "y": 0,
                "w": 22,
                "h": 31
            },
            "sourceSize": {
                "w": 22,
                "h": 31
            }
        },
        "one_perspec_bg": {
            "frame": {
                "x": 266,
                "y": 118,
                "w": 52,
                "h": 45
            },
            "offset": {
                "x": 0,
                "y": 0,
                "w": 52,
                "h": 45
            },
            "sourceSize": {
                "w": 52,
                "h": 45
            }
        },
        "page_btn_close": {
            "frame": {
                "x": 648,
                "y": 118,
                "w": 51,
                "h": 53
            },
            "offset": {
                "x": 0,
                "y": 0,
                "w": 51,
                "h": 53
            },
            "sourceSize": {
                "w": 51,
                "h": 53
            }
        },
        "page_content_big_bg": {
            "frame": {
                "x": 276,
                "y": 321,
                "w": 16,
                "h": 128
            },
            "offset": {
                "x": 0,
                "y": 0,
                "w": 16,
                "h": 128
            },
            "sourceSize": {
                "w": 16,
                "h": 128
            }
        },
        "page_tab_nor": {
            "frame": {
                "x": 581,
                "y": 1,
                "w": 17,
                "h": 21
            },
            "offset": {
                "x": 0,
                "y": 0,
                "w": 17,
                "h": 21
            },
            "sourceSize": {
                "w": 17,
                "h": 21
            }
        },
        "page_tab_pre": {
            "frame": {
                "x": 563,
                "y": 1,
                "w": 17,
                "h": 21
            },
            "offset": {
                "x": 0,
                "y": 0,
                "w": 17,
                "h": 21
            },
            "sourceSize": {
                "w": 17,
                "h": 21
            }
        },
        "page_title_bg": {
            "frame": {
                "x": 552,
                "y": 173,
                "w": 208,
                "h": 65
            },
            "offset": {
                "x": 0,
                "y": 0,
                "w": 208,
                "h": 65
            },
            "sourceSize": {
                "w": 208,
                "h": 65
            }
        },
        "page_title_centre_bg": {
            "frame": {
                "x": 545,
                "y": 118,
                "w": 102,
                "h": 51
            },
            "offset": {
                "x": 0,
                "y": 0,
                "w": 102,
                "h": 51
            },
            "sourceSize": {
                "w": 102,
                "h": 51
            }
        },
        "playerExpBg": {
            "frame": {
                "x": 31,
                "y": 1,
                "w": 7,
                "h": 10
            },
            "offset": {
                "x": 0,
                "y": 0,
                "w": 7,
                "h": 10
            },
            "sourceSize": {
                "w": 7,
                "h": 10
            }
        },
        "playerExpValue": {
            "frame": {
                "x": 39,
                "y": 1,
                "w": 7,
                "h": 10
            },
            "offset": {
                "x": 0,
                "y": 0,
                "w": 7,
                "h": 10
            },
            "sourceSize": {
                "w": 7,
                "h": 10
            }
        },
        "player_list_bg": {
            "frame": {
                "x": 89,
                "y": 1,
                "w": 15,
                "h": 15
            },
            "offset": {
                "x": 0,
                "y": 0,
                "w": 15,
                "h": 15
            },
            "sourceSize": {
                "w": 15,
                "h": 15
            }
        },
        "player_munber_bg": {
            "frame": {
                "x": 23,
                "y": 1,
                "w": 7,
                "h": 9
            },
            "offset": {
                "x": 0,
                "y": 0,
                "w": 7,
                "h": 9
            },
            "sourceSize": {
                "w": 7,
                "h": 9
            }
        },
        "progress_nor": {
            "frame": {
                "x": 689,
                "y": 33,
                "w": 38,
                "h": 38
            },
            "offset": {
                "x": 0,
                "y": 0,
                "w": 38,
                "h": 38
            },
            "sourceSize": {
                "w": 38,
                "h": 38
            }
        },
        "progress_pre": {
            "frame": {
                "x": 726,
                "y": 1,
                "w": 30,
                "h": 30
            },
            "offset": {
                "x": 0,
                "y": 0,
                "w": 30,
                "h": 30
            },
            "sourceSize": {
                "w": 30,
                "h": 30
            }
        },
        "rank_bg": {
            "frame": {
                "x": 182,
                "y": 1,
                "w": 17,
                "h": 17
            },
            "offset": {
                "x": 0,
                "y": 0,
                "w": 17,
                "h": 17
            },
            "sourceSize": {
                "w": 17,
                "h": 17
            }
        },
        "red_icon": {
            "frame": {
                "x": 127,
                "y": 173,
                "w": 54,
                "h": 54
            },
            "offset": {
                "x": 0,
                "y": 0,
                "w": 54,
                "h": 54
            },
            "sourceSize": {
                "w": 54,
                "h": 54
            }
        },
        "self_team_bg": {
            "frame": {
                "x": 522,
                "y": 118,
                "w": 22,
                "h": 50
            },
            "offset": {
                "x": 0,
                "y": 0,
                "w": 22,
                "h": 50
            },
            "sourceSize": {
                "w": 22,
                "h": 50
            }
        },
        "summary_divide_line": {
            "frame": {
                "x": 3,
                "y": 1,
                "w": 2,
                "h": 2
            },
            "offset": {
                "x": 0,
                "y": 0,
                "w": 2,
                "h": 2
            },
            "sourceSize": {
                "w": 2,
                "h": 2
            }
        },
        "summary_point_arrow": {
            "frame": {
                "x": 599,
                "y": 1,
                "w": 15,
                "h": 25
            },
            "offset": {
                "x": 0,
                "y": 0,
                "w": 15,
                "h": 25
            },
            "sourceSize": {
                "w": 15,
                "h": 25
            }
        },
        "summary_point_bg": {
            "frame": {
                "x": 148,
                "y": 1,
                "w": 16,
                "h": 16
            },
            "offset": {
                "x": 0,
                "y": 0,
                "w": 16,
                "h": 16
            },
            "sourceSize": {
                "w": 16,
                "h": 16
            }
        },
        "summary_reward_icon": {
            "frame": {
                "x": 14,
                "y": 1,
                "w": 8,
                "h": 9
            },
            "offset": {
                "x": 0,
                "y": 0,
                "w": 8,
                "h": 9
            },
            "sourceSize": {
                "w": 8,
                "h": 9
            }
        },
        "summary_slider_bg": {
            "frame": {
                "x": 509,
                "y": 1,
                "w": 11,
                "h": 20
            },
            "offset": {
                "x": 0,
                "y": 0,
                "w": 11,
                "h": 20
            },
            "sourceSize": {
                "w": 11,
                "h": 20
            }
        },
        "summary_slider_fg": {
            "frame": {
                "x": 422,
                "y": 1,
                "w": 11,
                "h": 20
            },
            "offset": {
                "x": 0,
                "y": 0,
                "w": 11,
                "h": 20
            },
            "sourceSize": {
                "w": 11,
                "h": 20
            }
        },
        "summary_tip_bg": {
            "frame": {
                "x": 728,
                "y": 33,
                "w": 38,
                "h": 38
            },
            "offset": {
                "x": 0,
                "y": 0,
                "w": 38,
                "h": 38
            },
            "sourceSize": {
                "w": 38,
                "h": 38
            }
        },
        "team_blue": {
            "frame": {
                "x": 248,
                "y": 33,
                "w": 31,
                "h": 31
            },
            "offset": {
                "x": 0,
                "y": 0,
                "w": 31,
                "h": 31
            },
            "sourceSize": {
                "w": 31,
                "h": 31
            }
        },
        "team_green": {
            "frame": {
                "x": 432,
                "y": 33,
                "w": 31,
                "h": 31
            },
            "offset": {
                "x": 0,
                "y": 0,
                "w": 31,
                "h": 31
            },
            "sourceSize": {
                "w": 31,
                "h": 31
            }
        },
        "team_orange": {
            "frame": {
                "x": 464,
                "y": 33,
                "w": 31,
                "h": 31
            },
            "offset": {
                "x": 0,
                "y": 0,
                "w": 31,
                "h": 31
            },
            "sourceSize": {
                "w": 31,
                "h": 31
            }
        },
        "team_purple": {
            "frame": {
                "x": 400,
                "y": 33,
                "w": 31,
                "h": 31
            },
            "offset": {
                "x": 0,
                "y": 0,
                "w": 31,
                "h": 31
            },
            "sourceSize": {
                "w": 31,
                "h": 31
            }
        },
        "team_red": {
            "frame": {
                "x": 368,
                "y": 33,
                "w": 31,
                "h": 31
            },
            "offset": {
                "x": 0,
                "y": 0,
                "w": 31,
                "h": 31
            },
            "sourceSize": {
                "w": 31,
                "h": 31
            }
        },
        "team_yellow": {
            "frame": {
                "x": 67,
                "y": 33,
                "w": 31,
                "h": 31
            },
            "offset": {
                "x": 0,
                "y": 0,
                "w": 31,
                "h": 31
            },
            "sourceSize": {
                "w": 31,
                "h": 31
            }
        },
        "three_perspec_back_bg": {
            "frame": {
                "x": 213,
                "y": 118,
                "w": 52,
                "h": 45
            },
            "offset": {
                "x": 0,
                "y": 0,
                "w": 52,
                "h": 45
            },
            "sourceSize": {
                "w": 52,
                "h": 45
            }
        },
        "three_perspec_face_bg": {
            "frame": {
                "x": 160,
                "y": 118,
                "w": 52,
                "h": 45
            },
            "offset": {
                "x": 0,
                "y": 0,
                "w": 52,
                "h": 45
            },
            "sourceSize": {
                "w": 52,
                "h": 45
            }
        },
        "watch_battle_btn_bg": {
            "frame": {
                "x": 505,
                "y": 173,
                "w": 46,
                "h": 64
            },
            "offset": {
                "x": 0,
                "y": 0,
                "w": 46,
                "h": 64
            },
            "sourceSize": {
                "w": 46,
                "h": 64
            }
        },
        "wupinkuang": {
            "frame": {
                "x": 401,
                "y": 1,
                "w": 20,
                "h": 20
            },
            "offset": {
                "x": 0,
                "y": 0,
                "w": 20,
                "h": 20
            },
            "sourceSize": {
                "w": 20,
                "h": 20
            }
        },
        "wupinkuang_jinshu": {
            "frame": {
                "x": 61,
                "y": 1,
                "w": 13,
                "h": 13
            },
            "offset": {
                "x": 0,
                "y": 0,
                "w": 13,
                "h": 13
            },
            "sourceSize": {
                "w": 13,
                "h": 13
            }
        },
        "wupinkuang_nor": {
            "frame": {
                "x": 488,
                "y": 1,
                "w": 20,
                "h": 20
            },
            "offset": {
                "x": 0,
                "y": 0,
                "w": 20,
                "h": 20
            },
            "sourceSize": {
                "w": 20,
                "h": 20
            }
        },
        "wupinkuang_shixin": {
            "frame": {
                "x": 61,
                "y": 1,
                "w": 13,
                "h": 13
            },
            "offset": {
                "x": 0,
                "y": 0,
                "w": 13,
                "h": 13
            },
            "sourceSize": {
                "w": 13,
                "h": 13
            }
        },
        "wupinkuang_shixin_xuanzhong": {
            "frame": {
                "x": 131,
                "y": 1,
                "w": 16,
                "h": 16
            },
            "offset": {
                "x": 0,
                "y": 0,
                "w": 16,
                "h": 16
            },
            "sourceSize": {
                "w": 16,
                "h": 16
            }
        },
        "wupinkuang_xuanzhong": {
            "frame": {
                "x": 434,
                "y": 1,
                "w": 20,
                "h": 20
            },
            "offset": {
                "x": 0,
                "y": 0,
                "w": 20,
                "h": 20
            },
            "sourceSize": {
                "w": 20,
                "h": 20
            }
        },
        "yellow_icon": {
            "frame": {
                "x": 182,
                "y": 173,
                "w": 54,
                "h": 54
            },
            "offset": {
                "x": 0,
                "y": 0,
                "w": 54,
                "h": 54
            },
            "sourceSize": {
                "w": 54,
                "h": 54
            }
        }
    },
    "meta": {
        "image": "new_gui_material.png",
        "format": "RGBA8888",
        "size": {
            "w": 787,
            "h": 507
        },
        "scale": "1",
        "type": "frame"
    }
}