{
    "frames": {
        "gun_info_icon": {
            "frame": {
                "x": 1,
                "y": 1,
                "w": 40,
                "h": 40
            },
            "offset": {
                "x": 0,
                "y": 0,
                "w": 40,
                "h": 40
            },
            "sourceSize": {
                "w": 40,
                "h": 40
            }
        },
        "icon_armor": {
            "frame": {
                "x": 42,
                "y": 1,
                "w": 31,
                "h": 30
            },
            "offset": {
                "x": 0,
                "y": 0,
                "w": 31,
                "h": 30
            },
            "sourceSize": {
                "w": 31,
                "h": 30
            }
        },
        "icon_block": {
            "frame": {
                "x": 74,
                "y": 1,
                "w": 31,
                "h": 30
            },
            "offset": {
                "x": 0,
                "y": 0,
                "w": 31,
                "h": 30
            },
            "sourceSize": {
                "w": 31,
                "h": 30
            }
        },
        "icon_enchantment": {
            "frame": {
                "x": 106,
                "y": 1,
                "w": 31,
                "h": 30
            },
            "offset": {
                "x": 0,
                "y": 0,
                "w": 31,
                "h": 30
            },
            "sourceSize": {
                "w": 31,
                "h": 30
            }
        },
        "icon_materials": {
            "frame": {
                "x": 138,
                "y": 1,
                "w": 31,
                "h": 30
            },
            "offset": {
                "x": 0,
                "y": 0,
                "w": 31,
                "h": 30
            },
            "sourceSize": {
                "w": 31,
                "h": 30
            }
        },
        "icon_other": {
            "frame": {
                "x": 170,
                "y": 1,
                "w": 31,
                "h": 30
            },
            "offset": {
                "x": 0,
                "y": 0,
                "w": 31,
                "h": 30
            },
            "sourceSize": {
                "w": 31,
                "h": 30
            }
        },
        "icon_potion": {
            "frame": {
                "x": 202,
                "y": 1,
                "w": 31,
                "h": 30
            },
            "offset": {
                "x": 0,
                "y": 0,
                "w": 31,
                "h": 30
            },
            "sourceSize": {
                "w": 31,
                "h": 30
            }
        },
        "icon_tool": {
            "frame": {
                "x": 234,
                "y": 1,
                "w": 30,
                "h": 30
            },
            "offset": {
                "x": 0,
                "y": 0,
                "w": 30,
                "h": 30
            },
            "sourceSize": {
                "w": 30,
                "h": 30
            }
        },
        "player_info_food_staturation_nor": {
            "frame": {
                "x": 265,
                "y": 1,
                "w": 16,
                "h": 18
            },
            "offset": {
                "x": 0,
                "y": 0,
                "w": 16,
                "h": 18
            },
            "sourceSize": {
                "w": 16,
                "h": 18
            }
        },
        "player_info_food_staturation_pre": {
            "frame": {
                "x": 282,
                "y": 1,
                "w": 16,
                "h": 18
            },
            "offset": {
                "x": 0,
                "y": 0,
                "w": 16,
                "h": 18
            },
            "sourceSize": {
                "w": 16,
                "h": 18
            }
        },
        "player_info_healt_nor": {
            "frame": {
                "x": 265,
                "y": 1,
                "w": 16,
                "h": 18
            },
            "offset": {
                "x": 0,
                "y": 0,
                "w": 16,
                "h": 18
            },
            "sourceSize": {
                "w": 16,
                "h": 18
            }
        },
        "player_info_healt_pre": {
            "frame": {
                "x": 299,
                "y": 1,
                "w": 16,
                "h": 18
            },
            "offset": {
                "x": 0,
                "y": 0,
                "w": 16,
                "h": 18
            },
            "sourceSize": {
                "w": 16,
                "h": 18
            }
        },
        "skill_book_fragmentation_icon": {
            "frame": {
                "x": 316,
                "y": 1,
                "w": 30,
                "h": 30
            },
            "offset": {
                "x": 0,
                "y": 0,
                "w": 30,
                "h": 30
            },
            "sourceSize": {
                "w": 30,
                "h": 30
            }
        },
        "skill_book_icon": {
            "frame": {
                "x": 347,
                "y": 1,
                "w": 30,
                "h": 30
            },
            "offset": {
                "x": 0,
                "y": 0,
                "w": 30,
                "h": 30
            },
            "sourceSize": {
                "w": 30,
                "h": 30
            }
        }
    },
    "meta": {
        "image": "other_icon.png",
        "format": "RGBA8888",
        "size": {
            "w": 378,
            "h": 42
        },
        "scale": "1",
        "type": "frame"
    }
}