{
    "frames": {
        "playerInfoAirFull": {
            "frame": {
                "x": 1,
                "y": 1,
                "w": 28,
                "h": 28
            },
            "offset": {
                "x": 0,
                "y": 0,
                "w": 28,
                "h": 28
            },
            "sourceSize": {
                "w": 28,
                "h": 28
            }
        },
        "playerInfoAirRupture": {
            "frame": {
                "x": 1,
                "y": 30,
                "w": 28,
                "h": 28
            },
            "offset": {
                "x": 0,
                "y": 0,
                "w": 28,
                "h": 28
            },
            "sourceSize": {
                "w": 28,
                "h": 28
            }
        },
        "playerInfoFoodSaturationFull": {
            "frame": {
                "x": 1,
                "y": 59,
                "w": 28,
                "h": 29
            },
            "offset": {
                "x": 0,
                "y": 0,
                "w": 28,
                "h": 29
            },
            "sourceSize": {
                "w": 28,
                "h": 29
            }
        },
        "playerInfoFoodSaturationHalf": {
            "frame": {
                "x": 1,
                "y": 89,
                "w": 28,
                "h": 29
            },
            "offset": {
                "x": 0,
                "y": 0,
                "w": 28,
                "h": 29
            },
            "sourceSize": {
                "w": 28,
                "h": 29
            }
        },
        "playerInfoFoodSaturationNull": {
            "frame": {
                "x": 1,
                "y": 119,
                "w": 28,
                "h": 29
            },
            "offset": {
                "x": 0,
                "y": 0,
                "w": 28,
                "h": 29
            },
            "sourceSize": {
                "w": 28,
                "h": 29
            }
        },
        "playerInfoFullArmor": {
            "frame": {
                "x": 1,
                "y": 149,
                "w": 24,
                "h": 28
            },
            "offset": {
                "x": 0,
                "y": 0,
                "w": 24,
                "h": 28
            },
            "sourceSize": {
                "w": 24,
                "h": 28
            }
        },
        "playerInfoFullHP": {
            "frame": {
                "x": 1,
                "y": 178,
                "w": 26,
                "h": 25
            },
            "offset": {
                "x": 0,
                "y": 0,
                "w": 26,
                "h": 25
            },
            "sourceSize": {
                "w": 26,
                "h": 25
            }
        },
        "playerInfoFullWater": {
            "frame": {
                "x": 1,
                "y": 204,
                "w": 22,
                "h": 30
            },
            "offset": {
                "x": 0,
                "y": 0,
                "w": 22,
                "h": 30
            },
            "sourceSize": {
                "w": 22,
                "h": 30
            }
        },
        "playerInfoHalfArmor": {
            "frame": {
                "x": 1,
                "y": 235,
                "w": 24,
                "h": 28
            },
            "offset": {
                "x": 0,
                "y": 0,
                "w": 24,
                "h": 28
            },
            "sourceSize": {
                "w": 24,
                "h": 28
            }
        },
        "playerInfoHalfHP": {
            "frame": {
                "x": 1,
                "y": 264,
                "w": 26,
                "h": 25
            },
            "offset": {
                "x": 0,
                "y": 0,
                "w": 26,
                "h": 25
            },
            "sourceSize": {
                "w": 26,
                "h": 25
            }
        },
        "playerInfoNullArmor": {
            "frame": {
                "x": 1,
                "y": 290,
                "w": 24,
                "h": 28
            },
            "offset": {
                "x": 0,
                "y": 0,
                "w": 24,
                "h": 28
            },
            "sourceSize": {
                "w": 24,
                "h": 28
            }
        },
        "playerInfoNullHP": {
            "frame": {
                "x": 1,
                "y": 319,
                "w": 26,
                "h": 25
            },
            "offset": {
                "x": 0,
                "y": 0,
                "w": 26,
                "h": 25
            },
            "sourceSize": {
                "w": 26,
                "h": 25
            }
        },
        "playerInfoNullHP2": {
            "frame": {
                "x": 1,
                "y": 345,
                "w": 26,
                "h": 25
            },
            "offset": {
                "x": 0,
                "y": 0,
                "w": 26,
                "h": 25
            },
            "sourceSize": {
                "w": 26,
                "h": 25
            }
        }
    },
    "meta": {
        "image": "player_info_icon.png",
        "format": "RGBA8888",
        "size": {
            "w": 30,
            "h": 371
        },
        "scale": "1",
        "type": "frame"
    }
}