{
    "frames": {
        "pole_center": {
            "frame": {
                "y": 1, 
                "x": 480, 
                "w": 76, 
                "h": 76
            }, 
            "sourceSize": {
                "h": 76, 
                "w": 76
            }, 
            "offset": {
                "y": 0, 
                "x": 0, 
                "w": 76, 
                "h": 76
            }
        }, 
        "pole_bg_2": {
            "frame": {
                "y": 1, 
                "x": 241, 
                "w": 238, 
                "h": 238
            }, 
            "sourceSize": {
                "h": 238, 
                "w": 238
            }, 
            "offset": {
                "y": 0, 
                "x": 0, 
                "w": 238, 
                "h": 238
            }
        }, 
        "pole_bg": {
            "frame": {
                "y": 1, 
                "x": 1, 
                "w": 239, 
                "h": 239
            }, 
            "sourceSize": {
                "h": 239, 
                "w": 239
            }, 
            "offset": {
                "y": 0, 
                "x": 0, 
                "w": 239, 
                "h": 239
            }
        }
    }, 
    "meta": {
        "scale": "1", 
        "format": "RGBA8888", 
        "type": "frame", 
        "image": "pole.png", 
        "size": {
            "h": 241, 
            "w": 557
        }
    }
}