{
    "frames": {
        "feedback_body": {
            "frame": {
                "x": 1,
                "y": 1,
                "w": 79,
                "h": 80
            },
            "offset": {
                "x": 0,
                "y": 0,
                "w": 79,
                "h": 80
            },
            "sourceSize": {
                "w": 79,
                "h": 80
            }
        },
        "feedback_head": {
            "frame": {
                "x": 1,
                "y": 82,
                "w": 79,
                "h": 80
            },
            "offset": {
                "x": 0,
                "y": 0,
                "w": 79,
                "h": 80
            },
            "sourceSize": {
                "w": 79,
                "h": 80
            }
        }
    },
    "meta": {
        "image": "shooting_feedback.png",
        "format": "RGBA8888",
        "size": {
            "w": 81,
            "h": 163
        },
        "scale": "1",
        "type": "frame"
    }
}