{
    "frames": {
        "background": {
            "frame": {
                "x": 1,
                "y": 1,
                "w": 532,
                "h": 382
            },
            "offset": {
                "x": 0,
                "y": 0,
                "w": 532,
                "h": 382
            },
            "sourceSize": {
                "w": 532,
                "h": 382
            }
        },
        "btn_cancel": {
            "frame": {
                "x": 1,
                "y": 384,
                "w": 156,
                "h": 51
            },
            "offset": {
                "x": 0,
                "y": 0,
                "w": 156,
                "h": 51
            },
            "sourceSize": {
                "w": 156,
                "h": 51
            }
        },
        "btn_close": {
            "frame": {
                "x": 158,
                "y": 384,
                "w": 58,
                "h": 59
            },
            "offset": {
                "x": 0,
                "y": 0,
                "w": 58,
                "h": 59
            },
            "sourceSize": {
                "w": 58,
                "h": 59
            }
        },
        "btn_confirm": {
            "frame": {
                "x": 217,
                "y": 384,
                "w": 109,
                "h": 51
            },
            "offset": {
                "x": 0,
                "y": 0,
                "w": 109,
                "h": 51
            },
            "sourceSize": {
                "w": 109,
                "h": 51
            }
        }
    },
    "meta": {
        "image": "tip_dialog.png",
        "format": "RGBA8888",
        "size": {
            "w": 534,
            "h": 444
        },
        "scale": "1",
        "type": "frame"
    }
}