{
    "frames": {
        "ben_normal": {
            "frame": {
                "x": 1,
                "y": 1,
                "w": 127,
                "h": 46
            },
            "offset": {
                "x": 0,
                "y": 0,
                "w": 127,
                "h": 46
            },
            "sourceSize": {
                "w": 127,
                "h": 46
            }
        },
        "bg": {
            "frame": {
                "x": 129,
                "y": 1,
                "w": 625,
                "h": 503
            },
            "offset": {
                "x": 0,
                "y": 0,
                "w": 625,
                "h": 503
            },
            "sourceSize": {
                "w": 625,
                "h": 503
            }
        },
        "bg_reward": {
            "frame": {
                "x": 755,
                "y": 1,
                "w": 201,
                "h": 206
            },
            "offset": {
                "x": 0,
                "y": 0,
                "w": 201,
                "h": 206
            },
            "sourceSize": {
                "w": 201,
                "h": 206
            }
        },
        "btn_ad_bg": {
            "frame": {
                "x": 957,
                "y": 1,
                "w": 182,
                "h": 61
            },
            "offset": {
                "x": 0,
                "y": 0,
                "w": 182,
                "h": 61
            },
            "sourceSize": {
                "w": 182,
                "h": 61
            }
        },
        "ic_777": {
            "frame": {
                "x": 1140,
                "y": 1,
                "w": 108,
                "h": 62
            },
            "offset": {
                "x": 0,
                "y": 0,
                "w": 108,
                "h": 62
            },
            "sourceSize": {
                "w": 108,
                "h": 62
            }
        },
        "ic_ad": {
            "frame": {
                "x": 1249,
                "y": 1,
                "w": 34,
                "h": 38
            },
            "offset": {
                "x": 0,
                "y": 0,
                "w": 34,
                "h": 38
            },
            "sourceSize": {
                "w": 34,
                "h": 38
            }
        },
        "ic_building": {
            "frame": {
                "x": 1284,
                "y": 1,
                "w": 131,
                "h": 138
            },
            "offset": {
                "x": 0,
                "y": 0,
                "w": 131,
                "h": 138
            },
            "sourceSize": {
                "w": 131,
                "h": 138
            }
        },
        "ic_money": {
            "frame": {
                "x": 1416,
                "y": 1,
                "w": 129,
                "h": 118
            },
            "offset": {
                "x": 0,
                "y": 0,
                "w": 129,
                "h": 118
            },
            "sourceSize": {
                "w": 129,
                "h": 118
            }
        }
    },
    "meta": {
        "image": "tycoon_ad.png",
        "format": "RGBA8888",
        "size": {
            "w": 1546,
            "h": 505
        },
        "scale": "1",
        "type": "frame"
    }
}